State/Union Territory,Power_Requirement_Net_Crore_Units_kiloWatt-Hour,Availability_Of_Power_Net_Crore_Units_kiloWatt-Hour,Installed_Power_Capacity_MegaWatt,End_Year,population(million),Region,rel_pop,rel_infras_eco,Region_means_encoded,Region_encoded_normalized,Region_encoded_standardized
Andhra Pradesh,5042.0,5006.0,10809.0,2005,76.20642411325925,SR,4,3,4034.8611111111113,0.88452090765829,0.8691950030417623
Arunachal Pradesh,16.0,16.0,187.0,2005,1.111883252258513,NER,2,2,156.97037037037038,0.0,-1.6522266724460715
Assam,379.0,358.0,1133.0,2005,26.63690476190476,NER,4,4,156.97037037037038,0.0,-1.6522266724460715
Bihar,720.0,648.0,1644.0,2005,83.07692307692308,ER,4,1,2331.3389830508477,0.4959589187663538,-0.23844260346383955
Chandigarh,116.0,115.0,79.0,2005,0.9021730603279202,NR,1,1,3255.4640522875816,0.7067456581768915,0.36242759536752484
Chhattisgarh,1175.0,1155.0,1633.0,2005,20.829576194770063,ER,1,1,2331.3389830508477,0.4959589187663538,-0.23844260346383955
Dadra and Nagar Haveli,183.0,183.0,38.0,2005,0.2204898972252009,WR,1,1,4541.141176470588,1.0,1.1983805361083646
Daman and Diu,112.0,112.0,14.0,2005,0.15834641105031738,WR,1,1,4541.141176470588,1.0,1.1983805361083646
Delhi,2116.0,2095.0,3426.0,2005,13.849408342698485,NR,2,2,3255.4640522875816,0.7067456581768915,0.36242759536752484
Goa,215.0,215.0,305.0,2005,1.3501632755589048,WR,2,2,4541.141176470588,1.0,1.1983805361083646
Gujarat,5968.0,5272.0,9291.0,2005,50.667948101874096,WR,3,3,4541.141176470588,1.0,1.1983805361083646
Haryana,2180.0,2056.0,3934.0,2005,21.14356232003291,NR,3,2,3255.4640522875816,0.7067456581768915,0.36242759536752484
Himachal Pradesh,400.0,392.0,1687.0,2005,6.082234290147401,NR,1,1,3255.4640522875816,0.7067456581768915,0.36242759536752484
Jammu and Kashmir,814.0,739.0,1502.0,2005,10.148310903597912,NR,2,1,3255.4640522875816,0.7067456581768915,0.36242759536752484
Jharkhand,363.0,355.0,1897.0,2005,26.95520121488231,ER,2,1,2331.3389830508477,0.4959589187663538,-0.23844260346383955
Karnataka,3516.0,3369.0,7557.0,2005,52.85534985880138,SR,3,2,4034.8611111111113,0.88452090765829,0.8691950030417623
Kerala,1269.0,1254.0,3473.0,2005,31.843575418994412,SR,2,2,4034.8611111111113,0.88452090765829,0.8691950030417623
Madhya Pradesh,3481.0,3010.0,5770.0,2005,60.35692801283337,ER,3,3,2331.3389830508477,0.4959589187663538,-0.23844260346383955
Maharashtra,9272.0,8154.0,15669.0,2005,96.87537127242484,WR,4,3,4541.141176470588,1.0,1.1983805361083646
Manipur,54.0,52.0,159.0,2005,2.1541010770505387,NER,2,2,156.97037037037038,0.0,-1.6522266724460715
Meghalaya,137.0,123.0,299.0,2005,2.3225075528700905,NER,3,3,156.97037037037038,0.0,-1.6522266724460715
Mizoram,24.0,22.0,121.0,2005,0.8807045636509206,NER,1,1,156.97037037037038,0.0,-1.6522266724460715
Nagaland,33.0,32.0,120.0,2005,1.9656019656019654,NER,2,1,156.97037037037038,0.0,-1.6522266724460715
Odisha,1398.0,1388.0,3428.0,2005,36.816976127320956,ER,2,2,2331.3389830508477,0.4959589187663538,-0.23844260346383955
Puducherry,154.0,154.0,245.0,2005,0.9762282091917591,SR,1,1,4034.8611111111113,0.88452090765829,0.8691950030417623
Punjab,3339.0,3038.0,6183.0,2005,24.356610278200915,NR,3,3,3255.4640522875816,0.7067456581768915,0.36242759536752484
Rajasthan,2921.0,2897.0,7607.0,2005,56.504778622976396,NR,4,3,3255.4640522875816,0.7067456581768915,0.36242759536752484
Tamil Nadu,4787.0,4757.0,11493.0,2005,62.403253312344226,SR,4,3,4034.8611111111113,0.88452090765829,0.8691950030417623
Tripura,70.0,64.0,239.0,2005,3.193612774451098,NER,4,2,156.97037037037038,0.0,-1.6522266724460715
Uttar Pradesh,5202.0,4157.0,8182.0,2005,166.21351459416235,NR,4,3,3255.4640522875816,0.7067456581768915,0.36242759536752484
Uttarakhand,463.0,447.0,1443.0,2005,8.49002849002849,NR,1,1,3255.4640522875816,0.7067456581768915,0.36242759536752484
West Bengal,2316.0,2279.0,5565.0,2005,80.19000703729768,ER,4,3,2331.3389830508477,0.4959589187663538,-0.23844260346383955
Andaman and Nicobar Islands,24.0,17.0,71.0,2006,0.3647285990130873,ER,1,1,2331.3389830508477,0.4959589187663538,-0.23844260346383955
Andhra Pradesh,5303.0,5233.0,11325.0,2006,76.20503859035969,SR,4,3,4034.8611111111113,0.88452090765829,0.8691950030417623
Arunachal Pradesh,21.0,21.0,179.0,2006,1.119402985074627,NER,2,2,156.97037037037038,0.0,-1.6522266724460715
Assam,405.0,378.0,1131.0,2006,26.676076217360624,NER,4,4,156.97037037037038,0.0,-1.6522266724460715
Bihar,796.0,722.0,1629.0,2006,82.98850574712644,ER,4,1,2331.3389830508477,0.4959589187663538,-0.23844260346383955
Chandigarh,126.0,126.0,86.0,2006,0.9020618556701031,NR,1,1,3255.4640522875816,0.7067456581768915,0.36242759536752484
Chhattisgarh,1301.0,1254.0,1649.0,2006,20.834025585645456,ER,1,1,2331.3389830508477,0.4959589187663538,-0.23844260346383955
Dadra and Nagar Haveli,254.0,253.0,38.0,2006,0.22040247408310829,WR,1,1,4541.141176470588,1.0,1.1983805361083646
Daman and Diu,135.0,132.0,14.0,2006,0.15784564609092866,WR,1,1,4541.141176470588,1.0,1.1983805361083646
Delhi,2160.0,2128.0,3513.0,2006,13.849658314350798,NR,2,2,3255.4640522875816,0.7067456581768915,0.36242759536752484
Goa,234.0,234.0,305.0,2006,1.348858658058566,WR,2,2,4541.141176470588,1.0,1.1983805361083646
Gujarat,5714.0,5244.0,9848.0,2006,50.67645921917279,WR,3,3,4541.141176470588,1.0,1.1983805361083646
Haryana,2379.0,2163.0,3915.0,2006,21.143695014662757,NR,3,2,3255.4640522875816,0.7067456581768915,0.36242759536752484
Himachal Pradesh,430.0,426.0,1656.0,2006,6.080502426491578,NR,1,1,3255.4640522875816,0.7067456581768915,0.36242759536752484
Jammu and Kashmir,927.0,767.0,1455.0,2006,10.141478249371943,NR,2,1,3255.4640522875816,0.7067456581768915,0.36242759536752484
Jharkhand,403.0,387.0,2017.0,2006,26.968641114982578,ER,2,2,2331.3389830508477,0.4959589187663538,-0.23844260346383955
Karnataka,3460.0,3435.0,7785.0,2006,52.85428527465764,SR,3,2,4034.8611111111113,0.88452090765829,0.8691950030417623
Kerala,1367.0,1358.0,3496.0,2006,31.848030018761726,SR,2,2,4034.8611111111113,0.88452090765829,0.8691950030417623
Lakshadweep,2.0,2.0,10.0,2006,0.05054334091483447,SR,1,1,4034.8611111111113,0.88452090765829,0.8691950030417623
Madhya Pradesh,3685.0,3162.0,6199.0,2006,60.35502958579882,ER,3,3,2331.3389830508477,0.4959589187663538,-0.23844260346383955
Maharashtra,10277.0,8412.0,16157.0,2006,96.89011748445058,WR,4,3,4541.141176470588,1.0,1.1983805361083646
Manipur,51.0,49.0,158.0,2006,2.1710234824988923,NER,3,1,156.97037037037038,0.0,-1.6522266724460715
Meghalaya,138.0,114.0,288.0,2006,2.310498581272801,NER,3,3,156.97037037037038,0.0,-1.6522266724460715
Mizoram,23.0,22.0,117.0,2006,0.9053497942386831,NER,1,1,156.97037037037038,0.0,-1.6522266724460715
Nagaland,41.0,39.0,103.0,2006,1.9959058341862845,NER,2,1,156.97037037037038,0.0,-1.6522266724460715
Odisha,1521.0,1501.0,3476.0,2006,36.80725846002942,ER,2,2,2331.3389830508477,0.4959589187663538,-0.23844260346383955
Puducherry,168.0,168.0,260.0,2006,0.9754964580188131,SR,1,1,4034.8611111111113,0.88452090765829,0.8691950030417623
Punjab,3568.0,3259.0,6266.0,2006,24.359070184617682,NR,3,3,3255.4640522875816,0.7067456581768915,0.36242759536752484
Rajasthan,3205.0,3088.0,7716.0,2006,56.505032021957916,NR,4,3,3255.4640522875816,0.7067456581768915,0.36242759536752484
Sikkim,21.0,21.0,114.0,2006,0.5408189544166881,NER,1,1,156.97037037037038,0.0,-1.6522266724460715
Tamil Nadu,5419.0,5385.0,12331.0,2006,62.39860950173812,SR,4,3,4034.8611111111113,0.88452090765829,0.8691950030417623
Tripura,75.0,67.0,244.0,2006,3.2180595581171954,NER,4,2,156.97037037037038,0.0,-1.6522266724460715
Uttar Pradesh,5568.0,4403.0,8597.0,2006,166.21366553416385,NR,4,3,3255.4640522875816,0.7067456581768915,0.36242759536752484
Uttarakhand,516.0,501.0,1474.0,2006,8.492964909306663,NR,1,1,3255.4640522875816,0.7067456581768915,0.36242759536752484
West Bengal,2494.0,2451.0,5411.0,2006,80.1766437684004,ER,3,3,2331.3389830508477,0.4959589187663538,-0.23844260346383955
Andaman and Nicobar Islands,24.0,19.0,71.0,2007,0.3561387066541706,ER,1,1,2331.3389830508477,0.4959589187663538,-0.23844260346383955
Andhra Pradesh,6096.0,5828.0,11642.0,2007,76.21289394533804,SR,4,3,4034.8611111111113,0.88452090765829,0.8691950030417623
Arunachal Pradesh,29.0,26.0,179.0,2007,1.102161933022467,NER,1,2,156.97037037037038,0.0,-1.6522266724460715
Assam,430.0,398.0,1181.0,2007,26.622073578595316,NER,4,4,156.97037037037038,0.0,-1.6522266724460715
Bihar,843.0,774.0,1629.0,2007,82.95819935691318,ER,4,1,2331.3389830508477,0.4959589187663538,-0.23844260346383955
Chandigarh,134.0,134.0,92.0,2007,0.8999932836322116,NR,1,1,3255.4640522875816,0.7067456581768915,0.36242759536752484
Chhattisgarh,1406.0,1317.0,1649.0,2007,20.83531086853346,ER,1,1,2331.3389830508477,0.4959589187663538,-0.23844260346383955
Dadra and Nagar Haveli,292.0,288.0,40.0,2007,0.22056627327242234,WR,1,1,4541.141176470588,1.0,1.1983805361083646
Daman and Diu,160.0,141.0,16.0,2007,0.15842874639040888,WR,1,1,4541.141176470588,1.0,1.1983805361083646
Delhi,2240.0,2201.0,3614.0,2007,13.848864279871641,NR,2,2,3255.4640522875816,0.7067456581768915,0.36242759536752484
Goa,262.0,261.0,311.0,2007,1.3497440140662977,WR,2,2,4541.141176470588,1.0,1.1983805361083646
Gujarat,6246.0,5408.0,10270.0,2007,50.66991473812424,WR,3,3,4541.141176470588,1.0,1.1983805361083646
Haryana,2625.0,2313.0,3959.0,2007,21.142595978062158,NR,3,2,3255.4640522875816,0.7067456581768915,0.36242759536752484
Himachal Pradesh,514.0,500.0,1836.0,2007,6.082725060827251,NR,1,1,3255.4640522875816,0.7067456581768915,0.36242759536752484
Jammu and Kashmir,1173.0,798.0,1626.0,2007,10.139771283354511,NR,2,1,3255.4640522875816,0.7067456581768915,0.36242759536752484
Jharkhand,437.0,415.0,2017.0,2007,26.913099870298314,ER,2,2,2331.3389830508477,0.4959589187663538,-0.23844260346383955
Karnataka,4080.0,3995.0,7785.0,2007,52.85090620452441,SR,3,2,4034.8611111111113,0.88452090765829,0.8691950030417623
Kerala,1502.0,1472.0,3496.0,2007,31.847684984855043,SR,2,2,4034.8611111111113,0.88452090765829,0.8691950030417623
Lakshadweep,3.0,3.0,10.0,2007,0.0727802037845706,SR,1,1,4034.8611111111113,0.88452090765829,0.8691950030417623
Madhya Pradesh,3871.0,3283.0,6487.0,2007,60.349264705882355,ER,3,3,2331.3389830508477,0.4959589187663538,-0.23844260346383955
Maharashtra,11001.0,8914.0,17380.0,2007,96.88077382893164,WR,4,3,4541.141176470588,1.0,1.1983805361083646
Manipur,45.0,43.0,158.0,2007,2.1728145528044465,NER,3,1,156.97037037037038,0.0,-1.6522266724460715
Meghalaya,137.0,106.0,288.0,2007,2.31239092495637,NER,3,3,156.97037037037038,0.0,-1.6522266724460715
Mizoram,24.0,22.0,117.0,2007,0.8845999195818255,NER,1,1,156.97037037037038,0.0,-1.6522266724460715
Nagaland,34.0,33.0,103.0,2007,2.0024271844660193,NER,2,1,156.97037037037038,0.0,-1.6522266724460715
Odisha,1710.0,1680.0,3476.0,2007,36.809815950920246,ER,2,2,2331.3389830508477,0.4959589187663538,-0.23844260346383955
Puducherry,181.0,181.0,260.0,2007,0.9754257383056694,SR,1,1,4034.8611111111113,0.88452090765829,0.8691950030417623
Punjab,3864.0,3484.0,6207.0,2007,24.36022933855405,NR,3,3,3255.4640522875816,0.7067456581768915,0.36242759536752484
Rajasthan,3324.0,3172.0,5528.0,2007,56.51166933903439,NR,4,3,3255.4640522875816,0.7067456581768915,0.36242759536752484
Sikkim,22.0,22.0,114.0,2007,0.5457702803274621,NER,1,1,156.97037037037038,0.0,-1.6522266724460715
Tamil Nadu,6150.0,6045.0,12376.0,2007,62.409663431757174,SR,4,3,4034.8611111111113,0.88452090765829,0.8691950030417623
Tripura,80.0,73.0,244.0,2007,3.2073813708260106,NER,4,2,156.97037037037038,0.0,-1.6522266724460715
Uttar Pradesh,5744.0,4837.0,9175.0,2007,166.21993127147766,NR,4,4,3255.4640522875816,0.7067456581768915,0.36242759536752484
Uttarakhand,596.0,560.0,1992.0,2007,8.491281273692191,NR,1,1,3255.4640522875816,0.7067456581768915,0.36242759536752484
West Bengal,2654.0,2597.0,5331.0,2007,80.17906761346094,ER,3,3,2331.3389830508477,0.4959589187663538,-0.23844260346383955
Andaman and Nicobar Islands,24.0,18.0,65.0,2008,0.3561535417491096,ER,1,1,2331.3389830508477,0.4959589187663538,-0.23844260346383955
Andhra Pradesh,6414.0,6151.0,11867.0,2008,76.21112625449139,SR,4,3,4034.8611111111113,0.88452090765829,0.8691950030417623
Arunachal Pradesh,39.0,30.0,180.0,2008,1.0905125408942202,NER,1,2,156.97037037037038,0.0,-1.6522266724460715
Assam,482.0,441.0,955.0,2008,26.64652567975831,NER,4,4,156.97037037037038,0.0,-1.6522266724460715
Bihar,916.0,793.0,1970.0,2008,82.94979079497908,ER,4,2,2331.3389830508477,0.4959589187663538,-0.23844260346383955
Chandigarh,145.0,115.0,95.0,2008,0.903803835271927,NR,1,1,3255.4640522875816,0.7067456581768915,0.36242759536752484
Chhattisgarh,1408.0,1341.0,3103.0,2008,20.835922933499067,ER,1,2,2331.3389830508477,0.4959589187663538,-0.23844260346383955
Dadra and Nagar Haveli,339.0,337.0,44.0,2008,0.22035937540867837,WR,1,1,4541.141176470588,1.0,1.1983805361083646
Daman and Diu,177.0,158.0,19.0,2008,0.15820408326741495,WR,1,1,4541.141176470588,1.0,1.1983805361083646
Delhi,2244.0,2230.0,3689.0,2008,13.850071424135148,NR,2,2,3255.4640522875816,0.7067456581768915,0.36242759536752484
Goa,274.0,271.0,352.0,2008,1.3491312789366257,WR,2,2,4541.141176470588,1.0,1.1983805361083646
Gujarat,6875.0,5761.0,11052.0,2008,50.668425681618295,WR,3,3,4541.141176470588,1.0,1.1983805361083646
Haryana,2935.0,2565.0,4590.0,2008,21.144176077817164,NR,3,3,3255.4640522875816,0.7067456581768915,0.36242759536752484
Himachal Pradesh,599.0,581.0,1858.0,2008,6.073593978674472,NR,1,1,3255.4640522875816,0.7067456581768915,0.36242759536752484
Jammu and Kashmir,1178.0,836.0,1709.0,2008,10.140708393983504,NR,2,1,3255.4640522875816,0.7067456581768915,0.36242759536752484
Jharkhand,514.0,446.0,2153.0,2008,26.964933494558643,ER,2,2,2331.3389830508477,0.4959589187663538,-0.23844260346383955
Karnataka,4032.0,3923.0,8877.0,2008,52.84925232385828,SR,3,2,4034.8611111111113,0.88452090765829,0.8691950030417623
Kerala,1566.0,1528.0,3495.0,2008,31.833333333333332,SR,2,2,4034.8611111111113,0.88452090765829,0.8691950030417623
Lakshadweep,2.0,2.0,11.0,2008,0.05054334091483447,SR,1,1,4034.8611111111113,0.88452090765829,0.8691950030417623
Madhya Pradesh,4156.0,3570.0,7752.0,2008,60.3448275862069,ER,3,3,2331.3389830508477,0.4959589187663538,-0.23844260346383955
Maharashtra,11489.0,9385.0,19583.0,2008,96.88241973779292,WR,4,3,4541.141176470588,1.0,1.1983805361083646
Manipur,53.0,50.0,158.0,2008,2.162629757785467,NER,3,1,156.97037037037038,0.0,-1.6522266724460715
Meghalaya,162.0,123.0,288.0,2008,2.3150762281197066,NER,3,3,156.97037037037038,0.0,-1.6522266724460715
Mizoram,29.0,25.0,119.0,2008,0.903179190751445,NER,1,1,156.97037037037038,0.0,-1.6522266724460715
Nagaland,38.0,33.0,103.0,2008,1.9666269368295588,NER,2,1,156.97037037037038,0.0,-1.6522266724460715
Odisha,1885.0,1850.0,4051.0,2008,36.80127312512433,ER,2,2,2331.3389830508477,0.4959589187663538,-0.23844260346383955
Puducherry,184.0,184.0,257.0,2008,0.9738025932786452,SR,1,1,4034.8611111111113,0.88452090765829,0.8691950030417623
Punjab,4237.0,3880.0,6530.0,2008,24.362677382895896,NR,3,3,3255.4640522875816,0.7067456581768915,0.36242759536752484
Rajasthan,3674.0,3560.0,6243.0,2008,56.507936507936506,NR,4,3,3255.4640522875816,0.7067456581768915,0.36242759536752484
Sikkim,29.0,27.0,191.0,2008,0.5468908243872798,NER,1,2,156.97037037037038,0.0,-1.6522266724460715
Tamil Nadu,6578.0,6395.0,13563.0,2008,62.4024199843872,SR,4,3,4034.8611111111113,0.88452090765829,0.8691950030417623
Tripura,78.0,69.0,243.0,2008,3.218283582089552,NER,4,2,156.97037037037038,0.0,-1.6522266724460715
Uttar Pradesh,6263.0,5134.0,9278.0,2008,166.20265458077048,NR,4,4,3255.4640522875816,0.7067456581768915,0.36242759536752484
Uttarakhand,705.0,685.0,2356.0,2008,8.495597172268386,NR,2,1,3255.4640522875816,0.7067456581768915,0.36242759536752484
West Bengal,2902.0,2790.0,7432.0,2008,80.17241379310344,ER,3,3,2331.3389830508477,0.4959589187663538,-0.23844260346383955
Andaman and Nicobar Islands,24.0,18.0,65.0,2009,0.3484320557491289,ER,1,1,2331.3389830508477,0.4959589187663538,-0.23844260346383955
Andhra Pradesh,7151.0,6667.0,11639.0,2009,76.20299462795748,SR,4,3,4034.8611111111113,0.88452090765829,0.8691950030417623
Arunachal Pradesh,43.0,27.0,180.0,2009,1.0940032414910859,NER,1,2,156.97037037037038,0.0,-1.6522266724460715
Assam,511.0,457.0,980.0,2009,26.678342089900756,NER,4,4,156.97037037037038,0.0,-1.6522266724460715
Bihar,1053.0,880.0,1970.0,2009,83.01886792452831,ER,4,2,2331.3389830508477,0.4959589187663538,-0.23844260346383955
Chandigarh,141.0,141.0,93.0,2009,0.8980891719745223,NR,1,1,3255.4640522875816,0.7067456581768915,0.36242759536752484
Chhattisgarh,1487.0,1448.0,3607.0,2009,20.840529648819807,ER,1,2,2331.3389830508477,0.4959589187663538,-0.23844260346383955
Dadra and Nagar Haveli,357.0,346.0,81.0,2009,0.22068156160906197,WR,1,2,4541.141176470588,1.0,1.1983805361083646
Daman and Diu,180.0,158.0,71.0,2009,0.1586058744403622,WR,1,1,4541.141176470588,1.0,1.1983805361083646
Delhi,2240.0,2227.0,3677.0,2009,13.84864125365338,NR,2,2,3255.4640522875816,0.7067456581768915,0.36242759536752484
Goa,280.0,275.0,357.0,2009,1.3457303645705896,WR,2,2,4541.141176470588,1.0,1.1983805361083646
Gujarat,6748.0,6085.0,12110.0,2009,50.666111573688596,WR,3,3,4541.141176470588,1.0,1.1983805361083646
Haryana,2909.0,2663.0,4530.0,2009,21.148348157560356,NR,3,2,3255.4640522875816,0.7067456581768915,0.36242759536752484
Himachal Pradesh,626.0,624.0,1896.0,2009,6.077132839890924,NR,1,1,3255.4640522875816,0.7067456581768915,0.36242759536752484
Jammu and Kashmir,1147.0,870.0,2159.0,2009,10.145772594752186,NR,2,1,3255.4640522875816,0.7067456581768915,0.36242759536752484
Jharkhand,536.0,511.0,2153.0,2009,26.951476793248947,ER,2,2,2331.3389830508477,0.4959589187663538,-0.23844260346383955
Karnataka,4317.0,4058.0,9347.0,2009,52.85230528783538,SR,3,3,4034.8611111111113,0.88452090765829,0.8691950030417623
Kerala,1765.0,1556.0,3514.0,2009,31.839574381010845,SR,2,2,4034.8611111111113,0.88452090765829,0.8691950030417623
Lakshadweep,2.0,2.0,11.0,2009,0.05054334091483447,SR,1,1,4034.8611111111113,0.88452090765829,0.8691950030417623
Madhya Pradesh,4205.0,3484.0,8113.0,2009,60.34990472891045,ER,3,3,2331.3389830508477,0.4959589187663538,-0.23844260346383955
Maharashtra,12190.0,9576.0,20415.0,2009,96.87405159332322,WR,4,3,4541.141176470588,1.0,1.1983805361083646
Manipur,56.0,48.0,158.0,2009,2.1808268968650615,NER,3,1,156.97037037037038,0.0,-1.6522266724460715
Meghalaya,171.0,139.0,288.0,2009,2.325581395348837,NER,3,3,156.97037037037038,0.0,-1.6522266724460715
Mizoram,33.0,27.0,119.0,2009,0.89197224975223,NER,1,1,156.97037037037038,0.0,-1.6522266724460715
Nagaland,48.0,44.0,103.0,2009,2.008215426745778,NER,2,1,156.97037037037038,0.0,-1.6522266724460715
Odisha,2052.0,2021.0,4072.0,2009,36.79898033503277,ER,2,2,2331.3389830508477,0.4959589187663538,-0.23844260346383955
Puducherry,202.0,177.0,257.0,2009,0.9726878056822553,SR,1,1,4034.8611111111113,0.88452090765829,0.8691950030417623
Punjab,4164.0,3724.0,6780.0,2009,24.360567802708182,NR,3,3,3255.4640522875816,0.7067456581768915,0.36242759536752484
Rajasthan,3780.0,3739.0,6426.0,2009,56.50596947257065,NR,4,3,3255.4640522875816,0.7067456581768915,0.36242759536752484
Sikkim,34.0,33.0,193.0,2009,0.5408949352565153,NER,1,2,156.97037037037038,0.0,-1.6522266724460715
Tamil Nadu,6967.0,6421.0,14089.0,2009,62.406453494022735,SR,4,3,4034.8611111111113,0.88452090765829,0.8691950030417623
Tripura,80.0,73.0,243.0,2009,3.2073813708260106,NER,4,2,156.97037037037038,0.0,-1.6522266724460715
Uttar Pradesh,6921.0,5431.0,9247.0,2009,166.18727050183597,NR,4,4,3255.4640522875816,0.7067456581768915,0.36242759536752484
Uttarakhand,784.0,777.0,2383.0,2009,8.494588389635945,NR,2,1,3255.4640522875816,0.7067456581768915,0.36242759536752484
West Bengal,3129.0,3029.0,7732.0,2009,80.17469560614082,ER,3,3,2331.3389830508477,0.4959589187663538,-0.23844260346383955
Andaman and Nicobar Islands,24.0,18.0,65.0,2010,0.3561535417491096,ER,1,1,2331.3389830508477,0.4959589187663538,-0.23844260346383955
Andhra Pradesh,7900.0,7377.0,13409.0,2010,76.21655129662156,SR,4,3,4034.8611111111113,0.88452090765829,0.8691950030417623
Arunachal Pradesh,40.0,33.0,202.0,2010,1.114864864864865,NER,2,2,156.97037037037038,0.0,-1.6522266724460715
Assam,512.0,469.0,979.0,2010,26.662876634451393,NER,4,4,156.97037037037038,0.0,-1.6522266724460715
Bihar,1159.0,991.0,1846.0,2010,82.99832495812394,ER,4,1,2331.3389830508477,0.4959589187663538,-0.23844260346383955
Chandigarh,158.0,153.0,98.0,2010,0.9018036072144289,NR,1,1,3255.4640522875816,0.7067456581768915,0.36242759536752484
Chhattisgarh,1101.0,1074.0,4769.0,2010,20.834141610087293,ER,1,3,2331.3389830508477,0.4959589187663538,-0.23844260346383955
Dadra and Nagar Haveli,401.0,385.0,58.0,2010,0.22031851762834267,WR,1,1,4541.141176470588,1.0,1.1983805361083646
Daman and Diu,193.0,180.0,31.0,2010,0.15802781289506954,WR,1,1,4541.141176470588,1.0,1.1983805361083646
Delhi,2428.0,2409.0,4115.0,2010,13.848011037020004,NR,2,2,3255.4640522875816,0.7067456581768915,0.36242759536752484
Goa,309.0,303.0,381.0,2010,1.3494254921172173,WR,2,2,4541.141176470588,1.0,1.1983805361083646
Gujarat,7037.0,6722.0,13908.0,2010,50.67088798432082,WR,3,3,4541.141176470588,1.0,1.1983805361083646
Haryana,3344.0,3202.0,5071.0,2010,21.14229118520964,NR,3,3,3255.4640522875816,0.7067456581768915,0.36242759536752484
Himachal Pradesh,705.0,677.0,2030.0,2010,6.078836311394451,NR,1,1,3255.4640522875816,0.7067456581768915,0.36242759536752484
Jammu and Kashmir,1320.0,993.0,2264.0,2010,10.14093137254902,NR,2,1,3255.4640522875816,0.7067456581768915,0.36242759536752484
Jharkhand,587.0,541.0,1943.0,2010,26.955655206776285,ER,2,1,2331.3389830508477,0.4959589187663538,-0.23844260346383955
Karnataka,4555.0,4204.0,10386.0,2010,52.84726587052168,SR,3,3,4034.8611111111113,0.88452090765829,0.8691950030417623
Kerala,1762.0,1720.0,3554.0,2010,31.845954452879095,SR,2,2,4034.8611111111113,0.88452090765829,0.8691950030417623
Lakshadweep,2.0,2.0,10.0,2010,0.05054334091483447,SR,1,1,4034.8611111111113,0.88452090765829,0.8691950030417623
Madhya Pradesh,4318.0,3497.0,8324.0,2010,60.345125107851594,ER,3,3,2331.3389830508477,0.4959589187663538,-0.23844260346383955
Maharashtra,12494.0,10151.0,21379.0,2010,96.87917541515557,WR,4,3,4541.141176470588,1.0,1.1983805361083646
Manipur,52.0,43.0,158.0,2010,2.1662468513853903,NER,3,1,156.97037037037038,0.0,-1.6522266724460715
Meghalaya,155.0,133.0,290.0,2010,2.3239559671500962,NER,3,3,156.97037037037038,0.0,-1.6522266724460715
Mizoram,35.0,29.0,131.0,2010,0.8947855600123418,NER,1,1,156.97037037037038,0.0,-1.6522266724460715
Nagaland,53.0,47.0,103.0,2010,2.0068317677198975,NER,2,1,156.97037037037038,0.0,-1.6522266724460715
Odisha,2114.0,2096.0,4059.0,2010,36.810677906568316,ER,2,2,2331.3389830508477,0.4959589187663538,-0.23844260346383955
Puducherry,212.0,198.0,256.0,2010,0.9768130241736557,SR,1,1,4034.8611111111113,0.88452090765829,0.8691950030417623
Punjab,4573.0,3941.0,6922.0,2010,24.36024230436395,NR,3,3,3255.4640522875816,0.7067456581768915,0.36242759536752484
Rajasthan,4411.0,4306.0,7768.0,2010,56.50177142107335,NR,4,3,3255.4640522875816,0.7067456581768915,0.36242759536752484
Sikkim,39.0,35.0,195.0,2010,0.5486753409625333,NER,1,2,156.97037037037038,0.0,-1.6522266724460715
Tamil Nadu,7629.0,7157.0,14410.0,2010,62.40844087896757,SR,4,3,4034.8611111111113,0.88452090765829,0.8691950030417623
Tripura,86.0,77.0,244.0,2010,3.195020746887967,NER,4,2,156.97037037037038,0.0,-1.6522266724460715
Uttar Pradesh,7593.0,5951.0,9984.0,2010,166.18263055012565,NR,4,4,3255.4640522875816,0.7067456581768915,0.36242759536752484
Uttarakhand,892.0,834.0,2405.0,2010,8.491142333536958,NR,1,1,3255.4640522875816,0.7067456581768915,0.36242759536752484
West Bengal,3375.0,3282.0,8150.0,2010,80.18568287319815,ER,4,3,2331.3389830508477,0.4959589187663538,-0.23844260346383955
Andaman and Nicobar Islands,24.0,18.0,65.0,2011,0.3561535417491096,ER,1,1,2331.3389830508477,0.4959589187663538,-0.23844260346383955
Andhra Pradesh,7897.0,7645.0,15036.0,2011,76.21373741401655,SR,4,3,4034.8611111111113,0.88452090765829,0.8691950030417623
Arunachal Pradesh,51.0,44.0,213.0,2011,1.1080332409972298,NER,2,2,156.97037037037038,0.0,-1.6522266724460715
Assam,540.0,506.0,979.0,2011,26.645602948920484,NER,4,4,156.97037037037038,0.0,-1.6522266724460715
Bihar,1238.0,1077.0,1922.0,2011,82.97380585516179,ER,4,1,2331.3389830508477,0.4959589187663538,-0.23844260346383955
Chandigarh,152.0,152.0,100.0,2011,0.9012213921498874,NR,1,1,3255.4640522875816,0.7067456581768915,0.36242759536752484
Chhattisgarh,1034.0,1017.0,4882.0,2011,20.844435335109655,ER,1,3,2331.3389830508477,0.4959589187663538,-0.23844260346383955
Dadra and Nagar Haveli,443.0,442.0,61.0,2011,0.22029066406172124,WR,1,1,4541.141176470588,1.0,1.1983805361083646
Daman and Diu,218.0,200.0,33.0,2011,0.15844219632572548,WR,1,1,4541.141176470588,1.0,1.1983805361083646
Delhi,2563.0,2556.0,5802.0,2011,13.851406275402374,NR,2,3,3255.4640522875816,0.7067456581768915,0.36242759536752484
Goa,315.0,309.0,387.0,2011,1.34810872125998,WR,2,2,4541.141176470588,1.0,1.1983805361083646
Gujarat,7165.0,6753.0,15723.0,2011,50.66776710684274,WR,3,3,4541.141176470588,1.0,1.1983805361083646
Haryana,3455.0,3263.0,5985.0,2011,21.147116007777058,NR,3,3,3255.4640522875816,0.7067456581768915,0.36242759536752484
Himachal Pradesh,763.0,736.0,2327.0,2011,6.074612083195775,NR,1,1,3255.4640522875816,0.7067456581768915,0.36242759536752484
Jammu and Kashmir,1357.0,1018.0,2296.0,2011,10.143483459545635,NR,2,1,3255.4640522875816,0.7067456581768915,0.36242759536752484
Jharkhand,620.0,599.0,1984.0,2011,26.96983340837461,ER,2,2,2331.3389830508477,0.4959589187663538,-0.23844260346383955
Karnataka,5047.0,4662.0,11546.0,2011,52.84515982770347,SR,3,3,4034.8611111111113,0.88452090765829,0.8691950030417623
Kerala,1802.0,1777.0,3719.0,2011,31.845878136200717,SR,2,2,4034.8611111111113,0.88452090765829,0.8691950030417623
Lakshadweep,3.0,3.0,11.0,2011,0.0727802037845706,SR,1,1,4034.8611111111113,0.88452090765829,0.8691950030417623
Madhya Pradesh,4844.0,3864.0,8381.0,2011,60.33728919425359,ER,3,3,2331.3389830508477,0.4959589187663538,-0.23844260346383955
Maharashtra,12830.0,10702.0,22645.0,2011,96.87698017561328,WR,4,4,4541.141176470588,1.0,1.1983805361083646
Manipur,57.0,51.0,158.0,2011,2.187902187902188,NER,3,1,156.97037037037038,0.0,-1.6522266724460715
Meghalaya,155.0,135.0,290.0,2011,2.3152117990053163,NER,3,3,156.97037037037038,0.0,-1.6522266724460715
Mizoram,37.0,32.0,139.0,2011,0.9026798307475318,NER,1,1,156.97037037037038,0.0,-1.6522266724460715
Nagaland,58.0,52.0,103.0,2011,1.990049751243781,NER,2,1,156.97037037037038,0.0,-1.6522266724460715
Odisha,2251.0,2245.0,5379.0,2011,36.809313002131496,ER,2,3,2331.3389830508477,0.4959589187663538,-0.23844260346383955
Puducherry,212.0,204.0,264.0,2011,0.974817221770918,SR,1,1,4034.8611111111113,0.88452090765829,0.8691950030417623
Punjab,4448.0,4180.0,7019.0,2011,24.358974358974358,NR,3,3,3255.4640522875816,0.7067456581768915,0.36242759536752484
Rajasthan,4526.0,4484.0,8975.0,2011,56.50913673597984,NR,4,4,3255.4640522875816,0.7067456581768915,0.36242759536752484
Sikkim,40.0,40.0,201.0,2011,0.5381407237992736,NER,1,2,156.97037037037038,0.0,-1.6522266724460715
Tamil Nadu,8031.0,7510.0,15515.0,2011,62.40651487452218,SR,4,3,4034.8611111111113,0.88452090765829,0.8691950030417623
Tripura,88.0,80.0,265.0,2011,3.1948881789137378,NER,4,3,156.97037037037038,0.0,-1.6522266724460715
Uttar Pradesh,7629.0,6485.0,10458.0,2011,166.19682214249104,NR,4,4,3255.4640522875816,0.7067456581768915,0.36242759536752484
Uttarakhand,985.0,926.0,2455.0,2011,8.493854338653458,NR,1,2,3255.4640522875816,0.7067456581768915,0.36242759536752484
West Bengal,3648.0,3585.0,8317.0,2011,80.18340416014314,ER,4,3,2331.3389830508477,0.4959589187663538,-0.23844260346383955
Andaman and Nicobar Islands,24.0,20.0,65.0,2012,0.3725088470851183,ER,1,1,2331.3389830508477,0.4959589187663538,-0.23844260346383955
Andhra Pradesh,9173.0,8515.0,16095.0,2012,84.66739584369095,SR,4,4,4034.8611111111113,0.88452090765829,0.8691950030417623
Arunachal Pradesh,60.0,55.0,214.0,2012,1.375,NER,2,2,156.97037037037038,0.0,-1.6522266724460715
Assam,603.0,570.0,1020.0,2012,31.198686371100166,NER,4,4,156.97037037037038,0.0,-1.6522266724460715
Bihar,1431.0,1126.0,1834.0,2012,103.77880184331798,ER,4,1,2331.3389830508477,0.4959589187663538,-0.23844260346383955
Chandigarh,157.0,156.0,102.0,2012,1.0519927169734977,NR,1,1,3255.4640522875816,0.7067456581768915,0.36242759536752484
Chhattisgarh,1501.0,1462.0,5347.0,2012,25.55050681579867,ER,1,3,2331.3389830508477,0.4959589187663538,-0.23844260346383955
Dadra and Nagar Haveli,438.0,435.0,67.0,2012,0.3429247142294048,WR,2,1,4541.141176470588,1.0,1.1983805361083646
Daman and Diu,214.0,192.0,38.0,2012,0.24354664806240883,WR,2,1,4541.141176470588,1.0,1.1983805361083646
Delhi,2675.0,2667.0,6587.0,2012,16.75040824017083,NR,2,3,3255.4640522875816,0.7067456581768915,0.36242759536752484
Goa,302.0,298.0,400.0,2012,1.4572127139364304,WR,2,2,4541.141176470588,1.0,1.1983805361083646
Gujarat,7470.0,7443.0,21972.0,2012,60.384552977446056,WR,4,4,4541.141176470588,1.0,1.1983805361083646
Haryana,3687.0,3554.0,6882.0,2012,25.35311742045941,NR,3,3,3255.4640522875816,0.7067456581768915,0.36242759536752484
Himachal Pradesh,816.0,811.0,3585.0,2012,6.858930987821379,NR,1,2,3255.4640522875816,0.7067456581768915,0.36242759536752484
Jammu and Kashmir,1425.0,1089.0,2307.0,2012,12.55042065229918,NR,2,1,3255.4640522875816,0.7067456581768915,0.36242759536752484
Jharkhand,628.0,603.0,3038.0,2012,32.96883542919628,ER,2,2,2331.3389830508477,0.4959589187663538,-0.23844260346383955
Karnataka,6083.0,5402.0,13394.0,2012,61.12934253706008,SR,3,3,4034.8611111111113,0.88452090765829,0.8691950030417623
Kerala,1989.0,1947.0,3828.0,2012,33.39049905676556,SR,2,2,4034.8611111111113,0.88452090765829,0.8691950030417623
Lakshadweep,4.0,4.0,11.0,2012,0.0696500087062511,SR,1,1,4034.8611111111113,0.88452090765829,0.8691950030417623
Madhya Pradesh,4979.0,4139.0,8780.0,2012,72.58856541564363,ER,3,4,2331.3389830508477,0.4959589187663538,-0.23844260346383955
Maharashtra,14138.0,11772.0,26142.0,2012,112.37113402061857,WR,4,4,4541.141176470588,1.0,1.1983805361083646
Manipur,54.0,50.0,158.0,2012,2.7277686852154934,NER,3,1,156.97037037037038,0.0,-1.6522266724460715
Meghalaya,193.0,145.0,374.0,2012,2.9640228945216682,NER,3,3,156.97037037037038,0.0,-1.6522266724460715
Mizoram,40.0,36.0,139.0,2012,1.1063306699446835,NER,2,1,156.97037037037038,0.0,-1.6522266724460715
Nagaland,56.0,51.0,103.0,2012,1.9767441860465116,NER,2,1,156.97037037037038,0.0,-1.6522266724460715
Odisha,2304.0,2269.0,5996.0,2012,41.940850277264325,ER,2,3,2331.3389830508477,0.4959589187663538,-0.23844260346383955
Puducherry,217.0,214.0,280.0,2012,1.2467956187368912,SR,2,1,4034.8611111111113,0.88452090765829,0.8691950030417623
Punjab,4519.0,4379.0,7056.0,2012,27.702916429429997,NR,3,3,3255.4640522875816,0.7067456581768915,0.36242759536752484
Rajasthan,5147.0,4949.0,10161.0,2012,68.62174154187466,NR,4,4,3255.4640522875816,0.7067456581768915,0.36242759536752484
Sikkim,39.0,38.0,206.0,2012,0.6013609748377908,NER,1,2,156.97037037037038,0.0,-1.6522266724460715
Tamil Nadu,8569.0,7671.0,17602.0,2012,72.14332737703377,SR,4,4,4034.8611111111113,0.88452090765829,0.8691950030417623
Tripura,95.0,90.0,265.0,2012,3.67047308319739,NER,4,3,156.97037037037038,0.0,-1.6522266724460715
Uttar Pradesh,8134.0,7212.0,13054.0,2012,199.61251037918626,NR,4,4,3255.4640522875816,0.7067456581768915,0.36242759536752484
Uttarakhand,1051.0,1021.0,2527.0,2012,10.118929633300297,NR,2,2,3255.4640522875816,0.7067456581768915,0.36242759536752484
West Bengal,3868.0,3828.0,8567.0,2012,91.33858267716535,ER,4,3,2331.3389830508477,0.4959589187663538,-0.23844260346383955
Andaman and Nicobar Islands,24.0,19.0,65.0,2013,0.3881511746680286,ER,1,1,2331.3389830508477,0.4959589187663538,-0.23844260346383955
Andhra Pradesh,9969.0,8217.0,16949.0,2013,84.6676970633694,SR,4,4,4034.8611111111113,0.88452090765829,0.8691950030417623
Arunachal Pradesh,59.0,55.0,249.0,2013,1.372597953581233,NER,2,3,156.97037037037038,0.0,-1.6522266724460715
Assam,650.0,605.0,1140.0,2013,31.185567010309278,NER,4,4,156.97037037037038,0.0,-1.6522266724460715
Bihar,1541.0,1284.0,1868.0,2013,103.88349514563107,ER,4,1,2331.3389830508477,0.4959589187663538,-0.23844260346383955
Chandigarh,164.0,164.0,106.0,2013,1.0566329489079314,NR,1,1,3255.4640522875816,0.7067456581768915,0.36242759536752484
Chhattisgarh,1730.0,1700.0,6532.0,2013,25.53702869160282,ER,1,3,2331.3389830508477,0.4959589187663538,-0.23844260346383955
Dadra and Nagar Haveli,457.0,440.0,80.0,2013,0.3429301825323835,WR,2,1,4541.141176470588,1.0,1.1983805361083646
Daman and Diu,199.0,186.0,48.0,2013,0.24291180734220527,WR,1,1,4541.141176470588,1.0,1.1983805361083646
Delhi,2609.0,2595.0,7163.0,2013,16.752743705616528,NR,3,3,3255.4640522875816,0.7067456581768915,0.36242759536752484
Goa,318.0,311.0,430.0,2013,1.4591348409496105,WR,3,3,4541.141176470588,1.0,1.1983805361083646
Gujarat,9366.0,9351.0,26414.0,2013,60.367979341510654,WR,3,4,4541.141176470588,1.0,1.1983805361083646
Haryana,4141.0,3821.0,8114.0,2013,25.353327582774867,NR,3,3,3255.4640522875816,0.7067456581768915,0.36242759536752484
Himachal Pradesh,899.0,874.0,3770.0,2013,6.853289422096762,NR,1,2,3255.4640522875816,0.7067456581768915,0.36242759536752484
Jammu and Kashmir,1541.0,1156.0,2394.0,2013,12.55157437567861,NR,2,1,3255.4640522875816,0.7067456581768915,0.36242759536752484
Jharkhand,704.0,677.0,2270.0,2013,32.992202729044834,ER,2,2,2331.3389830508477,0.4959589187663538,-0.23844260346383955
Karnataka,6627.0,5704.0,13759.0,2013,61.12956810631229,SR,3,3,4034.8611111111113,0.88452090765829,0.8691950030417623
Kerala,2124.0,2039.0,3856.0,2013,33.38791550679548,SR,2,2,4034.8611111111113,0.88452090765829,0.8691950030417623
Lakshadweep,4.0,4.0,11.0,2013,0.07158196134574088,SR,1,1,4034.8611111111113,0.88452090765829,0.8691950030417623
Madhya Pradesh,5178.0,4683.0,10632.0,2013,76.79567071170877,ER,3,4,2331.3389830508477,0.4959589187663538,-0.23844260346383955
Maharashtra,12398.0,11997.0,30354.0,2013,112.37354814537281,WR,4,4,4541.141176470588,1.0,1.1983805361083646
Manipur,57.0,54.0,179.0,2013,2.706766917293233,NER,3,2,156.97037037037038,0.0,-1.6522266724460715
Meghalaya,183.0,161.0,455.0,2013,2.9693839911471778,NER,3,3,156.97037037037038,0.0,-1.6522266724460715
Mizoram,41.0,38.0,150.0,2013,1.0966810966810967,NER,1,1,156.97037037037038,0.0,-1.6522266724460715
Nagaland,57.0,54.0,117.0,2013,1.9992595335061087,NER,2,1,156.97037037037038,0.0,-1.6522266724460715
Odisha,2516.0,2432.0,6946.0,2013,41.945498447740604,ER,3,3,2331.3389830508477,0.4959589187663538,-0.23844260346383955
Puducherry,233.0,229.0,282.0,2013,1.2438891906572516,SR,1,1,4034.8611111111113,0.88452090765829,0.8691950030417623
Punjab,4872.0,4612.0,7509.0,2013,27.704691536012493,NR,3,3,3255.4640522875816,0.7067456581768915,0.36242759536752484
Rajasthan,5554.0,5387.0,12156.0,2013,68.62420382165605,NR,4,4,3255.4640522875816,0.7067456581768915,0.36242759536752484
Sikkim,41.0,41.0,206.0,2013,0.6092124814264487,NER,1,2,156.97037037037038,0.0,-1.6522266724460715
Tamil Nadu,9230.0,7616.0,19433.0,2013,72.1348740291722,SR,4,4,4034.8611111111113,0.88452090765829,0.8691950030417623
Tripura,111.0,105.0,412.0,2013,3.657262277951933,NER,4,3,156.97037037037038,0.0,-1.6522266724460715
Uttar Pradesh,9165.0,7645.0,14294.0,2013,199.6083550913838,NR,4,4,3255.4640522875816,0.7067456581768915,0.36242759536752484
Uttarakhand,1133.0,1071.0,2561.0,2013,10.11809163911195,NR,2,2,3255.4640522875816,0.7067456581768915,0.36242759536752484
West Bengal,4214.0,4184.0,8616.0,2013,91.3337699192316,ER,4,4,2331.3389830508477,0.4959589187663538,-0.23844260346383955
Andaman and Nicobar Islands,24.0,18.0,70.0,2014,0.3799071338117349,ER,1,1,2331.3389830508477,0.4959589187663538,-0.23844260346383955
Andhra Pradesh,9566.0,8904.0,17731.0,2014,84.67097755800685,SR,4,4,4034.8611111111113,0.88452090765829,0.8691950030417623
Arunachal Pradesh,55.0,52.0,249.0,2014,1.3907461888205404,NER,2,3,156.97037037037038,0.0,-1.6522266724460715
Assam,754.0,706.0,1143.0,2014,31.156222418358343,NER,4,4,156.97037037037038,0.0,-1.6522266724460715
Bihar,1539.0,1476.0,2198.0,2014,103.79746835443039,ER,4,2,2331.3389830508477,0.4959589187663538,-0.23844260346383955
Chandigarh,157.0,157.0,116.0,2014,1.0519967837041007,NR,1,1,3255.4640522875816,0.7067456581768915,0.36242759536752484
Chhattisgarh,1893.0,1880.0,9975.0,2014,25.54000815106643,ER,1,4,2331.3389830508477,0.4959589187663538,-0.23844260346383955
Dadra and Nagar Haveli,539.0,539.0,80.0,2014,0.3429800447973936,WR,2,1,4541.141176470588,1.0,1.1983805361083646
Daman and Diu,225.0,225.0,48.0,2014,0.24269488399184547,WR,1,1,4541.141176470588,1.0,1.1983805361083646
Delhi,2687.0,2679.0,7824.0,2014,16.752126063031515,NR,3,3,3255.4640522875816,0.7067456581768915,0.36242759536752484
Goa,389.0,387.0,400.0,2014,1.4573526642816796,WR,3,2,4541.141176470588,1.0,1.1983805361083646
Gujarat,8850.0,8849.0,27647.0,2014,60.38624266411901,WR,4,4,4541.141176470588,1.0,1.1983805361083646
Haryana,4346.0,4321.0,8282.0,2014,25.352030039896736,NR,3,3,3255.4640522875816,0.7067456581768915,0.36242759536752484
Himachal Pradesh,909.0,888.0,3986.0,2014,6.853967273849954,NR,1,2,3255.4640522875816,0.7067456581768915,0.36242759536752484
Jammu and Kashmir,1561.0,1219.0,2579.0,2014,12.55148270181219,NR,2,2,3255.4640522875816,0.7067456581768915,0.36242759536752484
Jharkhand,714.0,701.0,2580.0,2014,32.97271872060207,ER,2,2,2331.3389830508477,0.4959589187663538,-0.23844260346383955
Karnataka,6415.0,5805.0,14270.0,2014,61.13100252737995,SR,3,3,4034.8611111111113,0.88452090765829,0.8691950030417623
Kerala,2158.0,2105.0,3892.0,2014,33.38620142743854,SR,2,2,4034.8611111111113,0.88452090765829,0.8691950030417623
Lakshadweep,5.0,5.0,11.0,2014,0.06711409395973154,SR,1,1,4034.8611111111113,0.88452090765829,0.8691950030417623
Madhya Pradesh,4941.0,4939.0,13805.0,2014,72.60032338674115,ER,3,4,2331.3389830508477,0.4959589187663538,-0.23844260346383955
Maharashtra,12629.0,12367.0,34867.0,2014,112.37619263970922,WR,4,4,4541.141176470588,1.0,1.1983805361083646
Manipur,58.0,55.0,179.0,2014,2.73224043715847,NER,3,2,156.97037037037038,0.0,-1.6522266724460715
Meghalaya,179.0,160.0,455.0,2014,2.956393200295639,NER,3,3,156.97037037037038,0.0,-1.6522266724460715
Mizoram,45.0,43.0,150.0,2014,1.091093631058107,NER,1,1,156.97037037037038,0.0,-1.6522266724460715
Nagaland,58.0,56.0,118.0,2014,1.9774011299435028,NER,2,1,156.97037037037038,0.0,-1.6522266724460715
Odisha,2496.0,2455.0,7737.0,2014,41.95146958304853,ER,3,3,2331.3389830508477,0.4959589187663538,-0.23844260346383955
Puducherry,234.0,232.0,284.0,2014,1.2444349085447621,SR,1,1,4034.8611111111113,0.88452090765829,0.8691950030417623
Punjab,4782.0,4708.0,8379.0,2014,27.702265372168284,NR,3,3,3255.4640522875816,0.7067456581768915,0.36242759536752484
Rajasthan,5820.0,5804.0,14282.0,2014,68.62142350437456,NR,4,4,3255.4640522875816,0.7067456581768915,0.36242759536752484
Sikkim,41.0,41.0,314.0,2014,0.6032960565038258,NER,1,3,156.97037037037038,0.0,-1.6522266724460715
Tamil Nadu,9351.0,8798.0,21193.0,2014,72.1384060347655,SR,4,4,4034.8611111111113,0.88452090765829,0.8691950030417623
Tripura,120.0,114.0,433.0,2014,3.6585365853658534,NER,4,3,156.97037037037038,0.0,-1.6522266724460715
Uttar Pradesh,9489.0,8161.0,14375.0,2014,199.5842504279775,NR,4,4,3255.4640522875816,0.7067456581768915,0.36242759536752484
Uttarakhand,1194.0,1149.0,2635.0,2014,10.11443661971831,NR,2,2,3255.4640522875816,0.7067456581768915,0.36242759536752484
West Bengal,4289.0,4276.0,8959.0,2014,91.34800256355479,ER,4,4,2331.3389830508477,0.4959589187663538,-0.23844260346383955
Andaman and Nicobar Islands,24.0,18.0,70.0,2015,0.3799071338117349,ER,1,1,2331.3389830508477,0.4959589187663538,-0.23844260346383955
Andhra Pradesh,5920.0,5631.0,11275.0,2015,49.386072618838796,SR,3,3,4034.8611111111113,0.88452090765829,0.8691950030417623
Arunachal Pradesh,68.0,61.0,261.0,2015,1.3825929283771532,NER,2,3,156.97037037037038,0.0,-1.6522266724460715
Assam,853.0,793.0,1263.0,2015,31.183641368462446,NER,4,4,156.97037037037038,0.0,-1.6522266724460715
Bihar,1929.0,1876.0,2760.0,2015,103.8184836745988,ER,4,2,2331.3389830508477,0.4959589187663538,-0.23844260346383955
Chandigarh,162.0,162.0,118.0,2015,1.0573032241221771,NR,1,1,3255.4640522875816,0.7067456581768915,0.36242759536752484
Chhattisgarh,2150.0,2123.0,13086.0,2015,25.541385948026946,ER,1,4,2331.3389830508477,0.4959589187663538,-0.23844260346383955
Dadra and Nagar Haveli,531.0,530.0,80.0,2015,0.3425941487505009,WR,2,1,4541.141176470588,1.0,1.1983805361083646
Daman and Diu,209.0,209.0,48.0,2015,0.24337700145560406,WR,2,1,4541.141176470588,1.0,1.1983805361083646
Delhi,2923.0,2911.0,8274.0,2015,16.755885569561965,NR,3,3,3255.4640522875816,0.7067456581768915,0.36242759536752484
Goa,397.0,393.0,400.0,2015,1.4569585526803588,WR,2,2,4541.141176470588,1.0,1.1983805361083646
Gujarat,9624.0,9621.0,28961.0,2015,60.384108454151765,WR,4,4,4541.141176470588,1.0,1.1983805361083646
Haryana,4662.0,4643.0,8754.0,2015,25.352189581740742,NR,3,3,3255.4640522875816,0.7067456581768915,0.36242759536752484
Himachal Pradesh,881.0,873.0,4579.0,2015,6.857816182246661,NR,1,3,3255.4640522875816,0.7067456581768915,0.36242759536752484
Jammu and Kashmir,1621.0,1312.0,2611.0,2015,12.550220011478858,NR,2,2,3255.4640522875816,0.7067456581768915,0.36242759536752484
Jharkhand,760.0,739.0,2626.0,2015,32.961641391614634,ER,2,2,2331.3389830508477,0.4959589187663538,-0.23844260346383955
Karnataka,6264.0,5993.0,15150.0,2015,61.13434662858309,SR,3,3,4034.8611111111113,0.88452090765829,0.8691950030417623
Kerala,2246.0,2213.0,4107.0,2015,33.39369247019767,SR,2,2,4034.8611111111113,0.88452090765829,0.8691950030417623
Lakshadweep,5.0,5.0,11.0,2015,0.06711409395973154,SR,1,1,4034.8611111111113,0.88452090765829,0.8691950030417623
Madhya Pradesh,5337.0,5308.0,15845.0,2015,72.59299781181619,ER,3,4,2331.3389830508477,0.4959589187663538,-0.23844260346383955
Maharashtra,13490.0,13308.0,38355.0,2015,112.37017647555518,WR,4,4,4541.141176470588,1.0,1.1983805361083646
Manipur,71.0,68.0,200.0,2015,2.729827378562826,NER,3,2,156.97037037037038,0.0,-1.6522266724460715
Meghalaya,193.0,163.0,495.0,2015,2.9566479230908764,NER,3,3,156.97037037037038,0.0,-1.6522266724460715
Mizoram,46.0,43.0,161.0,2015,1.10397946084724,NER,2,2,156.97037037037038,0.0,-1.6522266724460715
Nagaland,69.0,66.0,131.0,2015,1.977824393167516,NER,2,1,156.97037037037038,0.0,-1.6522266724460715
Odisha,2648.0,2605.0,9036.0,2015,41.94171630977298,ER,2,4,2331.3389830508477,0.4959589187663538,-0.23844260346383955
Puducherry,240.0,238.0,330.0,2015,1.2465301419368355,SR,2,1,4034.8611111111113,0.88452090765829,0.8691950030417623
Punjab,4863.0,4814.0,10525.0,2015,27.70169179422258,NR,3,4,3255.4640522875816,0.7067456581768915,0.36242759536752484
Rajasthan,6572.0,6531.0,16229.0,2015,68.62456656509404,NR,4,4,3255.4640522875816,0.7067456581768915,0.36242759536752484
Sikkim,40.0,40.0,323.0,2015,0.6091989034419738,NER,1,3,156.97037037037038,0.0,-1.6522266724460715
Tamil Nadu,9576.0,9275.0,22884.0,2015,72.1396904410049,SR,4,4,4034.8611111111113,0.88452090765829,0.8691950030417623
Telangana,4334.0,4064.0,9470.0,2015,35.28390345546102,SR,2,3,4034.8611111111113,0.88452090765829,0.8691950030417623
Tripura,124.0,105.0,627.0,2015,3.677758318739054,NER,4,4,156.97037037037038,0.0,-1.6522266724460715
Uttar Pradesh,10318.0,8706.0,15087.0,2015,199.58734525447042,NR,4,4,3255.4640522875816,0.7067456581768915,0.36242759536752484
Uttarakhand,1245.0,1207.0,2809.0,2015,10.114807676192072,NR,2,2,3255.4640522875816,0.7067456581768915,0.36242759536752484
West Bengal,4709.0,4683.0,9576.0,2015,91.35778384705424,ER,4,4,2331.3389830508477,0.4959589187663538,-0.23844260346383955
Andaman and Nicobar Islands,24.0,18.0,50.0,2016,0.3799071338117349,ER,1,1,2331.3389830508477,0.4959589187663538,-0.23844260346383955
Andhra Pradesh,5044.0,5037.0,14827.0,2016,49.39203765444205,SR,3,3,4034.8611111111113,0.88452090765829,0.8691950030417623
Arunachal Pradesh,63.0,59.0,258.0,2016,1.3801169590643274,NER,2,3,156.97037037037038,0.0,-1.6522266724460715
Assam,876.0,827.0,1369.0,2016,31.160512434061797,NER,4,4,156.97037037037038,0.0,-1.6522266724460715
Bihar,2396.0,2366.0,2985.0,2016,103.81746379991225,ER,4,2,2331.3389830508477,0.4959589187663538,-0.23844260346383955
Chandigarh,161.0,161.0,124.0,2016,1.0566384458882982,NR,1,1,3255.4640522875816,0.7067456581768915,0.36242759536752484
Chhattisgarh,2565.0,2531.0,15540.0,2016,25.539858728557014,ER,1,4,2331.3389830508477,0.4959589187663538,-0.23844260346383955
Dadra and Nagar Haveli,593.0,593.0,90.0,2016,0.34314150970691204,WR,2,2,4541.141176470588,1.0,1.1983805361083646
Daman and Diu,234.0,234.0,59.0,2016,0.24322301679693997,WR,1,1,4541.141176470588,1.0,1.1983805361083646
Delhi,2963.0,2958.0,8347.0,2016,16.751613999320423,NR,2,3,3255.4640522875816,0.7067456581768915,0.36242759536752484
Goa,512.0,512.0,412.0,2016,1.4580248319854199,WR,3,2,4541.141176470588,1.0,1.1983805361083646
Gujarat,10354.0,10354.0,29611.0,2016,60.383740596022626,WR,4,4,4541.141176470588,1.0,1.1983805361083646
Haryana,4751.0,4744.0,8792.0,2016,25.354069798514246,NR,3,3,3255.4640522875816,0.7067456581768915,0.36242759536752484
Himachal Pradesh,882.0,876.0,4424.0,2016,6.858216550536287,NR,1,2,3255.4640522875816,0.7067456581768915,0.36242759536752484
Jammu and Kashmir,1657.0,1404.0,3122.0,2016,12.55140354013946,NR,2,2,3255.4640522875816,0.7067456581768915,0.36242759536752484
Jharkhand,774.0,756.0,2626.0,2016,32.969908416921065,ER,2,2,2331.3389830508477,0.4959589187663538,-0.23844260346383955
Karnataka,6430.0,6097.0,17037.0,2016,61.12893523160217,SR,3,4,4034.8611111111113,0.88452090765829,0.8691950030417623
Kerala,2332.0,2319.0,4163.0,2016,33.38131567583129,SR,2,2,4034.8611111111113,0.88452090765829,0.8691950030417623
Lakshadweep,5.0,5.0,1.0,2016,0.06711409395973154,SR,1,1,4034.8611111111113,0.88452090765829,0.8691950030417623
Madhya Pradesh,6238.0,6238.0,17644.0,2016,72.60242085661079,ER,3,4,2331.3389830508477,0.4959589187663538,-0.23844260346383955
Maharashtra,14182.0,14136.0,40376.0,2016,112.36883942766296,WR,4,4,4541.141176470588,1.0,1.1983805361083646
Manipur,84.0,81.0,206.0,2016,2.721774193548387,NER,3,2,156.97037037037038,0.0,-1.6522266724460715
Meghalaya,183.0,172.0,510.0,2016,2.9573590096286106,NER,3,3,156.97037037037038,0.0,-1.6522266724460715
Mizoram,47.0,46.0,119.0,2016,1.1031175059952039,NER,1,1,156.97037037037038,0.0,-1.6522266724460715
Nagaland,76.0,74.0,140.0,2016,1.9860440150295222,NER,2,1,156.97037037037038,0.0,-1.6522266724460715
Odisha,2676.0,2660.0,9422.0,2016,41.94921936603059,ER,3,4,2331.3389830508477,0.4959589187663538,-0.23844260346383955
Puducherry,244.0,243.0,335.0,2016,1.2450046111281894,SR,2,2,4034.8611111111113,0.88452090765829,0.8691950030417623
Punjab,4969.0,4968.0,12455.0,2016,27.707752370329057,NR,4,4,3255.4640522875816,0.7067456581768915,0.36242759536752484
Rajasthan,6742.0,6721.0,17784.0,2016,68.62364713089647,NR,4,4,3255.4640522875816,0.7067456581768915,0.36242759536752484
Sikkim,40.0,40.0,414.0,2016,0.6091989034419738,NER,1,3,156.97037037037038,0.0,-1.6522266724460715
Tamil Nadu,9728.0,9659.0,24747.0,2016,72.14131003062215,SR,4,4,4034.8611111111113,0.88452090765829,0.8691950030417623
Telangana,5025.0,4995.0,10892.0,2016,35.2878841398799,SR,3,3,4034.8611111111113,0.88452090765829,0.8691950030417623
Tripura,120.0,115.0,677.0,2016,3.6835361947469574,NER,4,4,156.97037037037038,0.0,-1.6522266724460715
Uttar Pradesh,10635.0,9303.0,18632.0,2016,199.5923621540442,NR,4,4,3255.4640522875816,0.7067456581768915,0.36242759536752484
Uttarakhand,1289.0,1268.0,3177.0,2016,10.120520392688961,NR,2,2,3255.4640522875816,0.7067456581768915,0.36242759536752484
West Bengal,4736.0,4719.0,9984.0,2016,91.34727061556329,ER,4,4,2331.3389830508477,0.4959589187663538,-0.23844260346383955
Andaman and Nicobar Islands,24.0,18.0,52.0,2017,0.3799071338117349,ER,1,1,2331.3389830508477,0.4959589187663538,-0.23844260346383955
Andhra Pradesh,5430.0,5426.0,22298.0,2017,49.39013289641362,SR,3,4,4034.8611111111113,0.88452090765829,0.8691950030417623
Arunachal Pradesh,73.0,71.0,274.0,2017,1.3767694395966645,NER,2,3,156.97037037037038,0.0,-1.6522266724460715
Assam,902.0,869.0,1600.0,2017,31.158121190390823,NER,4,4,156.97037037037038,0.0,-1.6522266724460715
Bihar,2571.0,2513.0,3608.0,2017,103.80008261049153,ER,4,2,2331.3389830508477,0.4959589187663538,-0.23844260346383955
Chandigarh,165.0,165.0,177.0,2017,1.0578957491825352,NR,1,1,3255.4640522875816,0.7067456581768915,0.36242759536752484
Chhattisgarh,2375.0,2370.0,12060.0,2017,25.541545425153572,ER,1,4,2331.3389830508477,0.4959589187663538,-0.23844260346383955
Dadra and Nagar Haveli,602.0,602.0,242.0,2017,0.34279531930643736,WR,2,2,4541.141176470588,1.0,1.1983805361083646
Daman and Diu,240.0,240.0,182.0,2017,0.24321530634994631,WR,1,2,4541.141176470588,1.0,1.1983805361083646
Delhi,3083.0,3080.0,7839.0,2017,16.753698868581374,NR,3,3,3255.4640522875816,0.7067456581768915,0.36242759536752484
Goa,432.0,432.0,541.0,2017,1.4583755316994127,WR,3,3,4541.141176470588,1.0,1.1983805361083646
Gujarat,10370.0,10370.0,30716.0,2017,60.38197274950506,WR,3,4,4541.141176470588,1.0,1.1983805361083646
Haryana,4889.0,4889.0,11056.0,2017,25.35130930775214,NR,3,4,3255.4640522875816,0.7067456581768915,0.36242759536752484
Himachal Pradesh,883.0,878.0,3893.0,2017,6.857232114964074,NR,1,2,3255.4640522875816,0.7067456581768915,0.36242759536752484
Jammu and Kashmir,1740.0,1420.0,3274.0,2017,12.55193140634668,NR,2,2,3255.4640522875816,0.7067456581768915,0.36242759536752484
Jharkhand,796.0,791.0,2237.0,2017,32.985821517931605,ER,2,2,2331.3389830508477,0.4959589187663538,-0.23844260346383955
Karnataka,6690.0,6654.0,21317.0,2017,61.12999540652274,SR,3,4,4034.8611111111113,0.88452090765829,0.8691950030417623
Kerala,2430.0,2426.0,4999.0,2017,33.38838425543628,SR,2,2,4034.8611111111113,0.88452090765829,0.8691950030417623
Lakshadweep,5.0,5.0,1.0,2017,0.06711409395973154,SR,1,1,4034.8611111111113,0.88452090765829,0.8691950030417623
Madhya Pradesh,6576.0,6576.0,19618.0,2017,72.59880768381541,ER,3,4,2331.3389830508477,0.4959589187663538,-0.23844260346383955
Maharashtra,13929.0,13923.0,41410.0,2017,112.37288135593221,WR,4,4,4541.141176470588,1.0,1.1983805361083646
Manipur,76.0,74.0,233.0,2017,2.7296200663961634,NER,3,2,156.97037037037038,0.0,-1.6522266724460715
Meghalaya,171.0,171.0,518.0,2017,2.9569427632716585,NER,3,3,156.97037037037038,0.0,-1.6522266724460715
Mizoram,51.0,50.0,137.0,2017,1.0931351114997814,NER,1,1,156.97037037037038,0.0,-1.6522266724460715
Nagaland,76.0,74.0,155.0,2017,1.9728072513996266,NER,2,1,156.97037037037038,0.0,-1.6522266724460715
Odisha,2676.0,2676.0,8538.0,2017,41.95672624647225,ER,3,3,2331.3389830508477,0.4959589187663538,-0.23844260346383955
Puducherry,255.0,255.0,367.0,2017,1.246395229483357,SR,2,2,4034.8611111111113,0.88452090765829,0.8691950030417623
Punjab,5310.0,5310.0,14162.0,2017,27.705311489095273,NR,3,4,3255.4640522875816,0.7067456581768915,0.36242759536752484
Rajasthan,6784.0,6742.0,19776.0,2017,68.6208651399491,NR,4,4,3255.4640522875816,0.7067456581768915,0.36242759536752484
Sikkim,47.0,47.0,758.0,2017,0.6025641025641025,NER,1,4,156.97037037037038,0.0,-1.6522266724460715
Tamil Nadu,10451.0,10449.0,29112.0,2017,72.14167357083679,SR,4,4,4034.8611111111113,0.88452090765829,0.8691950030417623
Telangana,5303.0,5302.0,11501.0,2017,35.287853577371045,SR,3,3,4034.8611111111113,0.88452090765829,0.8691950030417623
Tripura,164.0,162.0,727.0,2017,3.668478260869565,NER,4,4,156.97037037037038,0.0,-1.6522266724460715
Uttar Pradesh,10757.0,10570.0,23662.0,2017,199.5845921450151,NR,4,4,3255.4640522875816,0.7067456581768915,0.36242759536752484
Uttarakhand,1307.0,1299.0,3313.0,2017,10.11918672587053,NR,2,2,3255.4640522875816,0.7067456581768915,0.36242759536752484
West Bengal,4795.0,4781.0,10383.0,2017,91.34505158578526,ER,4,4,2331.3389830508477,0.4959589187663538,-0.23844260346383955
Andaman and Nicobar Islands,33.0,30.0,52.0,2018,0.37993920972644374,ER,1,1,2331.3389830508477,0.4959589187663538,-0.23844260346383955
Andhra Pradesh,5838.0,5829.0,23674.0,2018,49.385749385749385,SR,3,4,4034.8611111111113,0.88452090765829,0.8691950030417623
Arunachal Pradesh,80.0,79.0,301.0,2018,1.3842649377956895,NER,2,3,156.97037037037038,0.0,-1.6522266724460715
Assam,910.0,878.0,1571.0,2018,31.16790912318069,NER,4,4,156.97037037037038,0.0,-1.6522266724460715
Bihar,2702.0,2660.0,4341.0,2018,103.7846273897776,ER,4,2,2331.3389830508477,0.4959589187663538,-0.23844260346383955
Chandigarh,161.0,160.0,193.0,2018,1.0540184453227932,NR,1,1,3255.4640522875816,0.7067456581768915,0.36242759536752484
Chhattisgarh,2592.0,2583.0,13527.0,2018,25.5388570298596,ER,1,4,2331.3389830508477,0.4959589187663538,-0.23844260346383955
Dadra and Nagar Haveli,617.0,617.0,255.0,2018,0.34301979730142934,WR,2,2,4541.141176470588,1.0,1.1983805361083646
Daman and Diu,253.0,253.0,190.0,2018,0.24252765582162236,WR,1,2,4541.141176470588,1.0,1.1983805361083646
Delhi,3183.0,3181.0,7180.0,2018,16.754450647845783,NR,3,3,3255.4640522875816,0.7067456581768915,0.36242759536752484
Goa,412.0,412.0,549.0,2018,1.4587685444180858,WR,3,3,4541.141176470588,1.0,1.1983805361083646
Gujarat,10999.0,10997.0,31043.0,2018,60.383263782121674,WR,3,4,4541.141176470588,1.0,1.1983805361083646
Haryana,5078.0,5078.0,11260.0,2018,25.355769710890296,NR,3,4,3255.4640522875816,0.7067456581768915,0.36242759536752484
Himachal Pradesh,940.0,935.0,4047.0,2018,6.860371267150928,NR,1,2,3255.4640522875816,0.7067456581768915,0.36242759536752484
Jammu and Kashmir,1881.0,1505.0,3389.0,2018,12.548986909030267,NR,2,2,3255.4640522875816,0.7067456581768915,0.36242759536752484
Jharkhand,791.0,775.0,1771.0,2018,32.95068027210885,ER,2,1,2331.3389830508477,0.4959589187663538,-0.23844260346383955
Karnataka,6787.0,6770.0,27157.0,2018,61.128668171557564,SR,3,4,4034.8611111111113,0.88452090765829,0.8691950030417623
Kerala,2500.0,2492.0,5083.0,2018,33.391397561302426,SR,2,2,4034.8611111111113,0.88452090765829,0.8691950030417623
Lakshadweep,5.0,5.0,1.0,2018,0.06711409395973154,SR,1,1,4034.8611111111113,0.88452090765829,0.8691950030417623
Madhya Pradesh,6993.0,6993.0,21728.0,2018,72.6017441860465,ER,3,4,2331.3389830508477,0.4959589187663538,-0.23844260346383955
Maharashtra,14976.0,14953.0,43255.0,2018,112.36942962350642,WR,4,4,4541.141176470588,1.0,1.1983805361083646
Manipur,87.0,83.0,242.0,2018,2.7320605661619486,NER,3,2,156.97037037037038,0.0,-1.6522266724460715
Meghalaya,156.0,155.0,565.0,2018,2.961972100133767,NER,3,4,156.97037037037038,0.0,-1.6522266724460715
Mizoram,50.0,49.0,196.0,2018,1.0954616588419406,NER,1,2,156.97037037037038,0.0,-1.6522266724460715
Nagaland,80.0,77.0,159.0,2018,1.9779090675571538,NER,2,2,156.97037037037038,0.0,-1.6522266724460715
Odisha,2880.0,2871.0,7377.0,2018,41.955282770714604,ER,3,3,2331.3389830508477,0.4959589187663538,-0.23844260346383955
Puducherry,267.0,266.0,369.0,2018,1.2435136272264036,SR,1,2,4034.8611111111113,0.88452090765829,0.8691950030417623
Punjab,5481.0,5481.0,13432.0,2018,27.702805155420773,NR,3,4,3255.4640522875816,0.7067456581768915,0.36242759536752484
Rajasthan,7119.0,7060.0,21684.0,2018,68.6169695791622,NR,4,4,3255.4640522875816,0.7067456581768915,0.36242759536752484
Sikkim,49.0,48.0,962.0,2018,0.6014283924320261,NER,1,4,156.97037037037038,0.0,-1.6522266724460715
Tamil Nadu,10601.0,10584.0,30327.0,2018,72.13740458015268,SR,4,4,4034.8611111111113,0.88452090765829,0.8691950030417623
Telangana,6032.0,6024.0,15139.0,2018,35.28791517778689,SR,3,3,4034.8611111111113,0.88452090765829,0.8691950030417623
Tripura,260.0,255.0,733.0,2018,3.668009205983889,NER,4,4,156.97037037037038,0.0,-1.6522266724460715
Uttar Pradesh,12005.0,11830.0,24909.0,2018,199.56140350877195,NR,4,4,3255.4640522875816,0.7067456581768915,0.36242759536752484
Uttarakhand,1346.0,1343.0,3399.0,2018,10.119810112274886,NR,2,2,3255.4640522875816,0.7067456581768915,0.36242759536752484
West Bengal,5076.0,5057.0,10518.0,2018,91.34754335260115,ER,4,4,2331.3389830508477,0.4959589187663538,-0.23844260346383955
Andaman and Nicobar Islands,35.0,32.0,57.0,2019,0.3764263027879073,ER,1,1,2331.3389830508477,0.4959589187663538,-0.23844260346383955
Andhra Pradesh,6374.0,6380.0,24184.0,2019,49.48037847060648,SR,3,4,4034.8611111111113,0.88452090765829,0.8691950030417623
Arunachal Pradesh,86.0,86.0,337.0,2019,1.3906856403622252,NER,2,3,156.97037037037038,0.0,-1.6522266724460715
Assam,953.0,924.0,1710.0,2019,31.290213342363696,NER,4,4,156.97037037037038,0.0,-1.6522266724460715
Bihar,3005.0,2983.0,4566.0,2019,103.82875043508527,ER,4,2,2331.3389830508477,0.4959589187663538,-0.23844260346383955
Chandigarh,156.0,157.0,198.0,2019,1.0607391392473482,NR,1,1,3255.4640522875816,0.7067456581768915,0.36242759536752484
Chhattisgarh,2613.0,2642.0,14044.0,2019,25.876591576885406,ER,2,4,2331.3389830508477,0.4959589187663538,-0.23844260346383955
Dadra and Nagar Haveli,632.0,630.0,276.0,2019,0.3419304415787417,WR,2,2,4541.141176470588,1.0,1.1983805361083646
Daman and Diu,256.0,256.0,206.0,2019,0.2431957440744787,WR,1,2,4541.141176470588,1.0,1.1983805361083646
Delhi,3230.0,3228.0,7237.0,2019,16.75229643468784,NR,3,3,3255.4640522875816,0.7067456581768915,0.36242759536752484
Goa,428.0,429.0,567.0,2019,1.4611218963931747,WR,3,3,4541.141176470588,1.0,1.1983805361083646
Gujarat,11659.0,11636.0,32291.0,2019,60.27454027454027,WR,3,4,4541.141176470588,1.0,1.1983805361083646
Haryana,5367.0,5367.0,11268.0,2019,25.355506212500593,NR,3,4,3255.4640522875816,0.7067456581768915,0.36242759536752484
Himachal Pradesh,985.0,962.0,4068.0,2019,6.85820203892493,NR,1,2,3255.4640522875816,0.7067456581768915,0.36242759536752484
Jammu and Kashmir,1959.0,1562.0,3394.0,2019,12.352708580466588,NR,2,2,3255.4640522875816,0.7067456581768915,0.36242759536752484
Jharkhand,868.0,849.0,1774.0,2019,33.07362680171406,ER,2,1,2331.3389830508477,0.4959589187663538,-0.23844260346383955
Karnataka,7176.0,7170.0,28075.0,2019,61.140956766436425,SR,3,4,4034.8611111111113,0.88452090765829,0.8691950030417623
Kerala,2503.0,2490.0,5083.0,2019,33.36906995443581,SR,2,2,4034.8611111111113,0.88452090765829,0.8691950030417623
Lakshadweep,5.0,5.0,1.0,2019,0.0700280112044818,SR,1,1,4034.8611111111113,0.88452090765829,0.8691950030417623
Madhya Pradesh,7567.0,7605.0,23334.0,2019,72.96363810803032,ER,3,4,2331.3389830508477,0.4959589187663538,-0.23844260346383955
Maharashtra,15829.0,15816.0,44144.0,2019,112.37743356543982,WR,4,4,4541.141176470588,1.0,1.1983805361083646
Manipur,92.0,90.0,259.0,2019,2.704326923076923,NER,3,3,156.97037037037038,0.0,-1.6522266724460715
Meghalaya,196.0,196.0,582.0,2019,2.9746547275762634,NER,3,4,156.97037037037038,0.0,-1.6522266724460715
Mizoram,67.0,64.0,206.0,2019,1.056279914177257,NER,1,2,156.97037037037038,0.0,-1.6522266724460715
Nagaland,90.0,80.0,170.0,2019,1.9583843329253365,NER,2,2,156.97037037037038,0.0,-1.6522266724460715
Odisha,3181.0,3212.0,7654.0,2019,42.39704329461457,ER,3,3,2331.3389830508477,0.4959589187663538,-0.23844260346383955
Puducherry,276.0,276.0,370.0,2019,1.248529810911065,SR,2,2,4034.8611111111113,0.88452090765829,0.8691950030417623
Punjab,5529.0,5532.0,13432.0,2019,27.72654370489174,NR,4,4,3255.4640522875816,0.7067456581768915,0.36242759536752484
Rajasthan,7983.0,7963.0,22589.0,2019,68.6110632431501,NR,4,4,3255.4640522875816,0.7067456581768915,0.36242759536752484
Sikkim,51.0,53.0,962.0,2019,0.629080118694362,NER,1,4,156.97037037037038,0.0,-1.6522266724460715
Tamil Nadu,10938.0,10938.0,31059.0,2019,72.20755215209928,SR,4,4,4034.8611111111113,0.88452090765829,0.8691950030417623
Telangana,6670.0,6643.0,15826.0,2019,35.17792840499894,SR,2,4,4034.8611111111113,0.88452090765829,0.8691950030417623
Tripura,186.0,184.0,752.0,2019,3.677058353317346,NER,4,4,156.97037037037038,0.0,-1.6522266724460715
Uttar Pradesh,11710.0,11615.0,25130.0,2019,199.60474308300397,NR,4,4,3255.4640522875816,0.7067456581768915,0.36242759536752484
Uttarakhand,1385.0,1375.0,3403.0,2019,10.1147565102251,NR,2,2,3255.4640522875816,0.7067456581768915,0.36242759536752484
West Bengal,5224.0,5129.0,10568.0,2019,89.9666725135941,ER,4,4,2331.3389830508477,0.4959589187663538,-0.23844260346383955
Andaman and Nicobar Islands,35.0,32.0,57.0,2020,0.3764263027879073,ER,1,1,2331.3389830508477,0.4959589187663538,-0.23844260346383955
Andhra Pradesh,6545.0,6541.0,24854.0,2020,49.481806490657384,SR,3,4,4034.8611111111113,0.88452090765829,0.8691950030417623
Arunachal Pradesh,75.0,75.0,379.0,2020,1.3909495548961424,NER,2,3,156.97037037037038,0.0,-1.6522266724460715
Assam,980.0,929.0,1757.0,2020,31.289996631862582,NER,4,4,156.97037037037038,0.0,-1.6522266724460715
Bihar,3163.0,3153.0,5792.0,2020,103.78538512179065,ER,4,3,2331.3389830508477,0.4959589187663538,-0.23844260346383955
Chandigarh,173.0,173.0,207.0,2020,1.0601789434979778,NR,1,1,3255.4640522875816,0.7067456581768915,0.36242759536752484
Chhattisgarh,3011.0,3011.0,12835.0,2020,25.876589893434172,ER,2,4,2331.3389830508477,0.4959589187663538,-0.23844260346383955
Dadra and Nagar Haveli,653.0,653.0,493.0,2020,0.3421445600062875,WR,2,3,4541.141176470588,1.0,1.1983805361083646
Daman and Diu,257.0,257.0,224.0,2020,0.24262907961443692,WR,1,2,4541.141176470588,1.0,1.1983805361083646
Delhi,3309.0,3308.0,7582.0,2020,16.75445705024311,NR,3,3,3255.4640522875816,0.7067456581768915,0.36242759536752484
Goa,435.0,435.0,581.0,2020,1.461791787082465,WR,3,3,4541.141176470588,1.0,1.1983805361083646
Gujarat,11394.0,11394.0,35211.0,2020,60.27295810410495,WR,3,4,4541.141176470588,1.0,1.1983805361083646
Haryana,5451.0,5449.0,12290.0,2020,25.352440329409575,NR,3,4,3255.4640522875816,0.7067456581768915,0.36242759536752484
Himachal Pradesh,1042.0,1035.0,4007.0,2020,6.854758593284323,NR,1,2,3255.4640522875816,0.7067456581768915,0.36242759536752484
Jammu and Kashmir,2003.0,1626.0,3417.0,2020,12.34999240467872,NR,2,2,3255.4640522875816,0.7067456581768915,0.36242759536752484
Jharkhand,894.0,887.0,2514.0,2020,33.07233407904549,ER,2,2,2331.3389830508477,0.4959589187663538,-0.23844260346383955
Karnataka,7280.0,7280.0,29825.0,2020,61.14050558495003,SR,3,4,4034.8611111111113,0.88452090765829,0.8691950030417623
Kerala,2632.0,2627.0,5696.0,2020,33.37144308943089,SR,2,2,4034.8611111111113,0.88452090765829,0.8691950030417623
Lakshadweep,5.0,5.0,1.0,2020,0.0700280112044818,SR,1,1,4034.8611111111113,0.88452090765829,0.8691950030417623
Madhya Pradesh,7617.0,7617.0,24821.0,2020,72.96675926812912,ER,3,4,2331.3389830508477,0.4959589187663538,-0.23844260346383955
Maharashtra,15517.0,15517.0,43496.0,2020,112.3768829663963,WR,4,4,4541.141176470588,1.0,1.1983805361083646
Manipur,92.0,92.0,268.0,2020,2.697947214076246,NER,3,3,156.97037037037038,0.0,-1.6522266724460715
Meghalaya,211.0,206.0,609.0,2020,2.9627498921328925,NER,3,4,156.97037037037038,0.0,-1.6522266724460715
Mizoram,65.0,64.0,212.0,2020,1.0431947840260798,NER,1,2,156.97037037037038,0.0,-1.6522266724460715
Nagaland,81.0,81.0,175.0,2020,1.9485205677171038,NER,2,2,156.97037037037038,0.0,-1.6522266724460715
Odisha,2969.0,2969.0,8567.0,2020,42.390062821245,ER,3,3,2331.3389830508477,0.4959589187663538,-0.23844260346383955
Puducherry,285.0,285.0,375.0,2020,1.2484667951638337,SR,2,2,4034.8611111111113,0.88452090765829,0.8691950030417623
Punjab,5678.0,5677.0,14205.0,2020,27.723787664208622,NR,4,4,3255.4640522875816,0.7067456581768915,0.36242759536752484
Rajasthan,8128.0,8122.0,25360.0,2020,68.60376721006841,NR,4,4,3255.4640522875816,0.7067456581768915,0.36242759536752484
Sikkim,55.0,55.0,674.0,2020,0.6209777577057695,NER,1,4,156.97037037037038,0.0,-1.6522266724460715
Tamil Nadu,10882.0,10881.0,32840.0,2020,72.2078439179773,SR,4,4,4034.8611111111113,0.88452090765829,0.8691950030417623
Telangana,6831.0,6830.0,16024.0,2020,35.17536179636401,SR,2,4,4034.8611111111113,0.88452090765829,0.8691950030417623
Tripura,154.0,152.0,764.0,2020,3.691112190383681,NER,4,4,156.97037037037038,0.0,-1.6522266724460715
Uttar Pradesh,12255.0,12100.0,26162.0,2020,199.6040910590564,NR,4,4,3255.4640522875816,0.7067456581768915,0.36242759536752484
Uttarakhand,1447.0,1438.0,3550.0,2020,10.11963406052076,NR,2,2,3255.4640522875816,0.7067456581768915,0.36242759536752484
West Bengal,5295.0,5282.0,11027.0,2020,89.95231607629427,ER,4,4,2331.3389830508477,0.4959589187663538,-0.23844260346383955
Andaman and Nicobar Islands,35.0,32.0,75.0,2021,0.3764263027879073,ER,1,1,2331.3389830508477,0.4959589187663538,-0.23844260346383955
Andhra Pradesh,6208.0,6208.0,25484.0,2021,49.48585093662814,SR,3,4,4034.8611111111113,0.88452090765829,0.8691950030417623
Arunachal Pradesh,72.0,71.0,765.0,2021,1.3813229571984436,NER,2,4,156.97037037037038,0.0,-1.6522266724460715
Assam,1019.0,982.0,1794.0,2021,31.30379343321645,NER,4,4,156.97037037037038,0.0,-1.6522266724460715
Bihar,3417.0,3402.0,6321.0,2021,103.81446444919133,ER,4,3,2331.3389830508477,0.4959589187663538,-0.23844260346383955
Chandigarh,152.0,152.0,215.0,2021,1.0593072687992193,NR,1,1,3255.4640522875816,0.7067456581768915,0.36242759536752484
Chhattisgarh,3047.0,3045.0,13076.0,2021,25.875254928619988,ER,2,4,2331.3389830508477,0.4959589187663538,-0.23844260346383955
Dadra and Nagar Haveli,550.0,550.0,509.0,2021,0.3422249600219024,WR,2,3,4541.141176470588,1.0,1.1983805361083646
Daman and Diu,222.0,222.0,256.0,2021,0.24267864755845606,WR,1,2,4541.141176470588,1.0,1.1983805361083646
Delhi,2956.0,2956.0,7590.0,2021,16.75641970409841,NR,3,3,3255.4640522875816,0.7067456581768915,0.36242759536752484
Goa,408.0,408.0,596.0,2021,1.4607425441265978,WR,3,3,4541.141176470588,1.0,1.1983805361083646
Gujarat,11162.0,11162.0,37893.0,2021,60.26997840172786,WR,3,4,4541.141176470588,1.0,1.1983805361083646
Haryana,5316.0,5311.0,12481.0,2021,25.354466033322197,NR,3,4,3255.4640522875816,0.7067456581768915,0.36242759536752484
Himachal Pradesh,1019.0,1013.0,4155.0,2021,6.856640043319344,NR,1,2,3255.4640522875816,0.7067456581768915,0.36242759536752484
Jammu and Kashmir,1977.0,1722.0,3478.0,2021,12.348512011473646,NR,2,2,3255.4640522875816,0.7067456581768915,0.36242759536752484
Jharkhand,995.0,968.0,2548.0,2021,33.0940170940171,ER,2,2,2331.3389830508477,0.4959589187663538,-0.23844260346383955
Karnataka,6885.0,6883.0,30091.0,2021,61.1333155697664,SR,3,4,4034.8611111111113,0.88452090765829,0.8691950030417623
Kerala,2512.0,2510.0,5837.0,2021,33.36434932872525,SR,2,2,4034.8611111111113,0.88452090765829,0.8691950030417623
Lakshadweep,6.0,6.0,1.0,2021,0.06902899217671421,SR,1,1,4034.8611111111113,0.88452090765829,0.8691950030417623
Madhya Pradesh,8344.0,8344.0,25489.0,2021,72.96895496283341,ER,3,4,2331.3389830508477,0.4959589187663538,-0.23844260346383955
Maharashtra,15068.0,15066.0,44166.0,2021,112.37413291564108,WR,4,4,4541.141176470588,1.0,1.1983805361083646
Manipur,97.0,97.0,262.0,2021,2.6922009436580625,NER,3,3,156.97037037037038,0.0,-1.6522266724460715
Meghalaya,203.0,201.0,616.0,2021,2.97601421379923,NER,3,4,156.97037037037038,0.0,-1.6522266724460715
Mizoram,73.0,72.0,207.0,2021,1.0436295115234093,NER,1,2,156.97037037037038,0.0,-1.6522266724460715
Nagaland,83.0,82.0,179.0,2021,1.941287878787879,NER,2,2,156.97037037037038,0.0,-1.6522266724460715
Odisha,2985.0,2985.0,8594.0,2021,42.3945462292288,ER,3,4,2331.3389830508477,0.4959589187663538,-0.23844260346383955
Puducherry,264.0,264.0,380.0,2021,1.2448132780082986,SR,1,2,4034.8611111111113,0.88452090765829,0.8691950030417623
Punjab,5845.0,5838.0,14389.0,2021,27.726063829787236,NR,4,4,3255.4640522875816,0.7067456581768915,0.36242759536752484
Rajasthan,8531.0,8521.0,26045.0,2021,68.6126097109268,NR,4,4,3255.4640522875816,0.7067456581768915,0.36242759536752484
Sikkim,55.0,55.0,678.0,2021,0.6300836292817047,NER,1,4,156.97037037037038,0.0,-1.6522266724460715
Tamil Nadu,10119.0,10119.0,33695.0,2021,72.20636506350792,SR,4,4,4034.8611111111113,0.88452090765829,0.8691950030417623
Telangana,6700.0,6699.0,17218.0,2021,35.17458650564453,SR,2,4,4034.8611111111113,0.88452090765829,0.8691950030417623
Tripura,148.0,148.0,724.0,2021,3.6770186335403725,NER,4,4,156.97037037037038,0.0,-1.6522266724460715
Uttar Pradesh,12437.0,12338.0,27896.0,2021,199.61171331499756,NR,4,4,3255.4640522875816,0.7067456581768915,0.36242759536752484
Uttarakhand,1383.0,1382.0,3731.0,2021,10.118611802606532,NR,2,2,3255.4640522875816,0.7067456581768915,0.36242759536752484
West Bengal,5164.0,5154.0,11037.0,2021,89.96334438820038,ER,4,4,2331.3389830508477,0.4959589187663538,-0.23844260346383955
